{
  "accuracy": 0.862547288776797,
  "average_confidence": 0.9406688809394836,
  "test_cases_run": 793,
  "category_f1_scores": {
    "0": 0.9037433155080213,
    "1": 0.764179104477612,
    "2": 0.9856115107913669,
    "3": 0.9565217391304348,
    "4": 0.6931407942238267
  }
}