{
  "overall_accuracy": 0.862547288776797,
  "average_confidence": 0.9406688809394836,
  "test_cases_run": 793,
  "category_f1_scores": {
    "0": 0.9037433155080213,
    "1": 0.764179104477612,
    "2": 0.9856115107913669,
    "3": 0.9565217391304348,
    "4": 0.6931407942238267
  },
  "category_metrics": {
    "0": {
      "precision": 0.898936170212766,
      "recall": 0.9086021505376344,
      "f1-score": 0.9037433155080213,
      "support": 186.0
    },
    "1": {
      "precision": 0.7852760736196319,
      "recall": 0.7441860465116279,
      "f1-score": 0.764179104477612,
      "support": 172.0
    },
    "2": {
      "precision": 0.9856115107913669,
      "recall": 0.9856115107913669,
      "f1-score": 0.9856115107913669,
      "support": 139.0
    },
    "3": {
      "precision": 0.9746835443037974,
      "recall": 0.9390243902439024,
      "f1-score": 0.9565217391304348,
      "support": 164.0
    },
    "4": {
      "precision": 0.6620689655172414,
      "recall": 0.7272727272727273,
      "f1-score": 0.6931407942238267,
      "support": 132.0
    }
  }
}