{
  "overall_accuracy": 0.9775910364145658,
  "average_confidence": 0.9945226311683655,
  "test_cases_run": 714,
  "category_f1_scores": {
    "Billing Issue": 0.969187675070028,
    "Complaint": 0.9517241379310345,
    "Compliment": 0.996415770609319,
    "Product Question": 1.0,
    "Technical Problem": 0.9779411764705882
  },
  "category_metrics": {
    "Billing Issue": {
      "precision": 0.9774011299435028,
      "recall": 0.9611111111111111,
      "f1-score": 0.969187675070028,
      "support": 180.0
    },
    "Complaint": {
      "precision": 0.9517241379310345,
      "recall": 0.9517241379310345,
      "f1-score": 0.9517241379310345,
      "support": 145.0
    },
    "Compliment": {
      "precision": 1.0,
      "recall": 0.9928571428571429,
      "f1-score": 0.996415770609319,
      "support": 140.0
    },
    "Product Question": {
      "precision": 1.0,
      "recall": 1.0,
      "f1-score": 1.0,
      "support": 115.0
    },
    "Technical Problem": {
      "precision": 0.9637681159420289,
      "recall": 0.9925373134328358,
      "f1-score": 0.9779411764705882,
      "support": 134.0
    }
  }
}