{
  "overall_accuracy": 0.8575031525851198,
  "average_confidence": 0.9354214072227478,
  "test_cases_run": 793,
  "category_f1_scores": {
    "0": 0.9,
    "1": 0.7477744807121661,
    "2": 0.9781021897810219,
    "3": 0.950920245398773,
    "4": 0.6988847583643123
  },
  "category_metrics": {
    "0": {
      "precision": 0.8814432989690721,
      "recall": 0.9193548387096774,
      "f1-score": 0.9,
      "support": 186.0
    },
    "1": {
      "precision": 0.7636363636363637,
      "recall": 0.7325581395348837,
      "f1-score": 0.7477744807121661,
      "support": 172.0
    },
    "2": {
      "precision": 0.9925925925925926,
      "recall": 0.9640287769784173,
      "f1-score": 0.9781021897810219,
      "support": 139.0
    },
    "3": {
      "precision": 0.9567901234567902,
      "recall": 0.9451219512195121,
      "f1-score": 0.950920245398773,
      "support": 164.0
    },
    "4": {
      "precision": 0.6861313868613139,
      "recall": 0.7121212121212122,
      "f1-score": 0.6988847583643123,
      "support": 132.0
    }
  }
}